{
  "annualized_return": 0.9315071987935757,
  "annualized_vol": 0.9284370167206638,
  "sharpe": 1.165271456056172,
  "max_drawdown": -0.8279243806367405,
  "n_periods": 269
}